{"cameraMode":{"drawMode":0,"name":"Shaded","section":"Shading Mode"},"sceneLighting":true,"audioPlay":false,"sceneViewState":{"m_AlwaysRefresh":false,"showFog":true,"showSkybox":true,"showFlares":true,"showImageEffects":true,"showParticleSystems":true,"showVisualEffectGraphs":true,"m_FxEnabled":true},"in2DMode":false,"pivot":{"x":-0.5913963317871094,"y":-0.8566799163818359,"z":1.0909595489501954},"rotation":{"x":-0.19310031831264497,"y":-0.35383450984954836,"z":0.07462532818317414,"w":-0.9122538566589356},"size":13.72417163848877,"orthographic":false}