{"cameraMode":{"drawMode":0,"name":"Shaded","section":"Shading Mode"},"sceneLighting":true,"audioPlay":false,"sceneViewState":{"m_AlwaysRefresh":false,"showFog":true,"showSkybox":true,"showFlares":true,"showImageEffects":true,"showParticleSystems":true,"showVisualEffectGraphs":true,"m_FxEnabled":true},"in2DMode":false,"pivot":{"x":-2.618342399597168,"y":0.603203296661377,"z":-1.5040712356567383},"rotation":{"x":0.03304409608244896,"y":0.7604126930236816,"z":0.038817815482616428,"w":-0.6474147439002991},"size":0.13741658627986909,"orthographic":false}