{"cameraMode":{"drawMode":0,"name":"Shaded","section":"Shading Mode"},"sceneLighting":true,"audioPlay":false,"sceneViewState":{"m_AlwaysRefresh":false,"showFog":true,"showSkybox":true,"showFlares":true,"showImageEffects":true,"showParticleSystems":true,"showVisualEffectGraphs":true,"m_FxEnabled":true},"in2DMode":false,"pivot":{"x":1.19195556640625,"y":2.4929187297821047,"z":13.962162971496582},"rotation":{"x":-0.061301905661821368,"y":0.044624749571084979,"z":0.0026991255581378938,"w":0.9971003532409668},"size":8.011041641235352,"orthographic":false}