{"cameraMode":{"drawMode":0,"name":"Shaded","section":"Shading Mode"},"sceneLighting":true,"audioPlay":false,"sceneViewState":{"m_AlwaysRefresh":false,"showFog":true,"showSkybox":true,"showFlares":true,"showImageEffects":true,"showParticleSystems":true,"showVisualEffectGraphs":true,"m_FxEnabled":true},"in2DMode":false,"pivot":{"x":-6.48203182220459,"y":3.6902639865875246,"z":-16.259963989257814},"rotation":{"x":0.029391620308160783,"y":-0.45565617084503176,"z":0.014989061281085015,"w":0.8895173072814941},"size":1.1950948238372803,"orthographic":false}